#OTUID	taxonomy	confidence
00b8935a0f1568dd1eade356c924ce2d	Unassigned	1.0
00f74ba4e2465936687969bd5559ebbc	Unassigned	1.0
01a1814fe8db014390bd85456dbb8ac3	Unassigned	1.0
0712f85707f14ae99a3c05d559d3c990	Unassigned	1.0
073278e3681dfbbe81a520df3ff8fb1f	Unassigned	1.0
078c759513771d9fce12180bc3f0027e	Unassigned	1.0
09d3af02d656fdc7635a1bafd59d83bb	Unassigned	1.0
0afe386c610250936c530c3a384a6704	Unassigned	1.0
0b14a8232b02cf19591324cb1c39f809	Unassigned	1.0
0b9cead381e5b335e3d8e3ce51f25595	Unassigned	1.0
0c1b4a1b5278a17ec7bd08c38db6c34c	Unassigned	1.0
0ce4406f9d7407e49a49aa1b5ddbe071	Unassigned	1.0
0e297e62fc4e7907d10065320d6691bf	Unassigned	1.0
0edc9441615c984c1eaeef610570f4d1	Unassigned	1.0
0fc457a82b85dcd7b2ca7861f1a45b9b	Unassigned	1.0
10972251825aa20ccd367dc84f8f47a2	Unassigned	1.0
127afbaf832959629cd73c23cc46f4a1	Unassigned	1.0
14119711846bbded36a0f52befe74739	Unassigned	1.0
1531252a07484c0f836fe197781399dd	Unassigned	1.0
16fd9b578a4208018a30e45649e937d1	Unassigned	1.0
172fcc84b74a4728d727efaaced51e6e	Unassigned	1.0
1731cd86d95aeeb77dfe056d3369212a	Unassigned	1.0
174100eaf90add2e20508d25fb1ce6e0	Unassigned	1.0
17b7cb9eba9fc65030bf2efb2532a96c	Unassigned	1.0
18b05d0e4b9982316ae7de1894a573d3	Unassigned	1.0
190908e638a269816299023d1545b363	Unassigned	1.0
1965979659d1914a385d04ca4e9e4f2a	Unassigned	1.0
1a22f52ebd6b3856dfaac0ea508e29f6	Unassigned	1.0
1a901c6d139772d02ade3f877874449c	Unassigned	1.0
1af13c28b27090d998cf4731c30fdf75	Unassigned	1.0
1b8533125857533d3aaf58d1fdc0addf	Unassigned	1.0
1d8d6a9b302d578c55cfe8986420eb0a	Unassigned	1.0
1df1a8698a369425ce69d95db9863041	Unassigned	1.0
1e08f503404da21eb6c845aa34ba729e	Unassigned	1.0
1e30ae04081bb869be51f1ca4de13081	Unassigned	1.0
1eac25eff77f29b12db19d09ae510758	Unassigned	1.0
1ec21171fb5a376438e5db48680d852f	Unassigned	1.0
1fb6055b0a160e38afbffa11afb5a429	Unassigned	1.0
210f395c073a41d65afeb17fd614b8a9	Unassigned	1.0
213cd1ed29935b54b028ff6d4db0efab	Unassigned	1.0
2140658ef11e6a8ad183584d49e0c89a	Unassigned	1.0
21453bc933c61abf58f86bdcc9a02bf5	Unassigned	1.0
221ef97b5d9c66a6a067d8ac90bd9386	Unassigned	1.0
22207fb339f28a6eef096e6b66fc5427	Unassigned	1.0
224fd4b70e0f9d36d196a7a3a430200e	Unassigned	1.0
23cb6d92d1e57a9f527ad6cebc46e025	Unassigned	1.0
24406334b06ab32ee2fc6e98ed112517	Unassigned	1.0
25a9fcc5f0eb2536a9caf90696af7f2b	Unassigned	1.0
261303de8c3e07cb560c6e3a9f12dae5	Unassigned	1.0
26b974aeee1c55f704af7314a583e8b4	Unassigned	1.0
284e0f4020f00564b173f1bbfe97e5c0	Unassigned	1.0
299a2f8607d87e53b1552732d13a36c4	Unassigned	1.0
2a30217150dd7e06a94c7dbce8817dfc	Unassigned	1.0
2ada57ea93fda3b132e81954ade7d719	Unassigned	1.0
2b160e102f29dcb48f7b89910d1fff9c	Unassigned	1.0
2b539c1b9d55af1cfd9aa850959540f6	Unassigned	1.0
2b8d41a4a363a888133e2744aeff134b	Unassigned	1.0
2da1b2c146c8f9edc3c2cf7759884bf4	Unassigned	1.0
2e471ddd40633c47789a461e9b2537fb	Unassigned	1.0
2f40af6609c2bd4cf047e3b86af32261	Unassigned	1.0
30867ee0d3ea2df9cacc09df8580a59f	Unassigned	1.0
317b1bf5a56dfd3e8d16b0d9a1467b4c	Unassigned	1.0
318264631ea044689f842df495824a6e	Unassigned	1.0
33982d29939cc3063eb71528fc21ba4c	Unassigned	1.0
343603b5fcf000bdd2cc1f9f7dbaf55b	Unassigned	1.0
34fed092a3b08cf7d4b84669cfccbbea	Unassigned	1.0
35c820e3bc24b9801b58068fd3e7beea	Unassigned	1.0
363093dd817c1df2c1fff9528e80cf69	Unassigned	1.0
364684ea7b705bd924a38df7a84523e6	Unassigned	1.0
37cc5b2845f857ae665b4708ebd98deb	Unassigned	1.0
399317ca23709998f1c8cd5b79c87abb	Unassigned	1.0
39ef8de964d6343746130e7be21364a7	Unassigned	1.0
3b5c470c0fe9594ff642ea4eee4d9403	Unassigned	1.0
3dda6ccd94188cb7d37e42b51a4368a8	Unassigned	1.0
3ee1956fcbf42fb89fccc876b82fd699	Unassigned	1.0
3f224c04197de42bf891c668d712cbf8	Unassigned	1.0
41acef9a7ad40f6fe443c7e2bd7e8770	Unassigned	1.0
42d9e658136d58166aecdddacec2c998	Unassigned	1.0
42f48004c0dbd69b5cf7ea0a210ab6c1	Unassigned	1.0
431eeb9f432daeeb2d7ebc8339ab99a0	Unassigned	1.0
4332cefcd8e01f1150ae2d9439a9f049	Unassigned	1.0
4379facbf0c2b07fcc3123478023f757	Unassigned	1.0
4483b991bfb57aefb2838a082503aa23	Unassigned	1.0
48aa2eb6e02e33f86a88b3ba8599829a	Unassigned	1.0
48f42818061bb6f1201783fb8551df08	Unassigned	1.0
48f5e95f3c1fca3599f5325c8566b1a1	Unassigned	1.0
490b11a75308ecbcc0aa7c42c9cd492b	Unassigned	1.0
492218c0187573cbccbcf5074addd880	Unassigned	1.0
494edfe36819b5c377ed233588bd7dcd	Unassigned	1.0
4aa4185c934c76aedd104b746092ef54	Unassigned	1.0
4ab40a0a2ee3be13e9f77daf5075461f	Unassigned	1.0
4abeec9a499697194f13b5fa9d81c06f	Unassigned	1.0
4af066e9036806452542f401bb7a453a	Unassigned	1.0
4b43d6b58cae572c58083583f883a8e3	Unassigned	1.0
4bf34b221145c34e374c273574be6cbf	Unassigned	1.0
4c5960020ebced783345d801ddf3cfdc	Unassigned	1.0
4cb318f2d4a7b2c00a423db09b3fa08a	Unassigned	1.0
4d97bcf4b3802ee82061723d0c96241d	Unassigned	1.0
4f9d865d45b6b1cedf7bc45298b89632	Unassigned	1.0
5047cb30a0b788ef3f1adfdc471c2849	Unassigned	1.0
508551d25030b855588af4a28dbeeb71	Unassigned	1.0
5165bfa8fad739ecaaabb368fbef34d8	Unassigned	1.0
51987510bfac9c1a64e95a817d293403	Unassigned	1.0
51baf17509ad285feb456c3ab786b417	Unassigned	1.0
52cdc08aca9cd994c92787d849721bd1	Unassigned	1.0
535325f1de1ecd3446a9447ca6848e98	Unassigned	1.0
54524fcb5378a1ab852ae3d71264c2a2	Unassigned	1.0
549de912b0a9f19fa4d1d8862b65e4df	Unassigned	1.0
57030514fb5f88a754644fb66a61d72a	Unassigned	1.0
571e157674d622e3e8063f47c3e593c7	Unassigned	1.0
57ba43d65531e01cc0b20267c0d6d158	Unassigned	1.0
584c7958339d29d0fc93d9d88cc69982	Unassigned	1.0
587082e292c2c417f5459de1b3918af4	Unassigned	1.0
58c0d9bfe71c757b28b7a4c8cdc9d362	Unassigned	1.0
590387aae98c1234e314dbb920aee74b	Unassigned	1.0
5953d803a3cec74707cac1f07f0e7039	Unassigned	1.0
59db1a98a2da91c6fab3ceb495fa49e8	Unassigned	1.0
5a539e00857033f6cc55e27a5d93b63c	Unassigned	1.0
5c3ffbb94394f75122c28db8f9ea702d	Unassigned	1.0
5e5a35ec4efcac408b301b35fb16c1d1	Unassigned	1.0
5f539ce76da1f999f713ad73b566c451	Unassigned	1.0
5fd0ee668bc60ba43fd7355521f2efe6	Unassigned	1.0
616ce651143c7da5b27aabc73f465a51	Unassigned	1.0
6213149ecc73e248e0ca3baa26c74297	Unassigned	1.0
63a3aea8a11ca485acaefa44dbf20107	Unassigned	1.0
662198f44152a0c40300426e1ab92c14	Unassigned	1.0
667d007e76fdb8b85c1b32dffc41055c	Unassigned	1.0
672c1a9d033a2a411d8ee757510141d5	Unassigned	1.0
674ecf99c5dd39fd7b5d15ab0de8d9eb	Unassigned	1.0
6827bedba5d85c23b2fd09b14b3a0a2e	Unassigned	1.0
68af2621b51639570d75169dda110e8c	Unassigned	1.0
69f4d82e07a7f5c8d12c214d6330cca9	Unassigned	1.0
6a7ae28ed5238fa6ac05ca1eaa0c194b	Unassigned	1.0
6ac182e7e2437ad13abc43a228363e77	Unassigned	1.0
6c9215c4a87a088583cda25a35b587ef	Unassigned	1.0
6ccce968eac04572bece9d89ef4a0996	Unassigned	1.0
6d0c577c09b595054ff18674418a25a6	Unassigned	1.0
6d9ab0c85065c935218c5a5f118da7a3	Unassigned	1.0
6ded944104fec76b1f9c11fa6d7a9a0c	Unassigned	1.0
6fff28d7b57f61d2fd214a3930dfe22c	Unassigned	1.0
700d1841a80714eb17657605824b514e	Unassigned	1.0
707d3862cde0e39cc1c4b7d6c7b6d000	Unassigned	1.0
7117007a49601882b2ef80192202a0f5	Unassigned	1.0
712205aa481267404e6f4ca830969100	Unassigned	1.0
715bd2696d1f5d347987b97adeac63e0	Unassigned	1.0
725eef8c44af435b03a63b6933980306	Unassigned	1.0
72b5e2b94a7c0a4ffe5c5d986147bfe0	Unassigned	1.0
72e32b856caa969ab003a1da480bc350	Unassigned	1.0
767f445958c054af154dd211bb7374f3	Unassigned	1.0
774f5d9a5f119ab74ffb900265d3d2af	Unassigned	1.0
77a9778c69d3559b68a22f51efff6734	Unassigned	1.0
78fc0c7f90fdfb80a6e576c7ee51a5c9	Unassigned	1.0
79480c02b2d561bd680768e198650f7d	Unassigned	1.0
79702f32528af7277c826579d1f880cc	Unassigned	1.0
7986a2830c70148189c283d9f6a042c5	Unassigned	1.0
7a1ed940f0c2a09ee20530f13d85fd66	Unassigned	1.0
7b3f090701807bab51496882f468d48a	Unassigned	1.0
7d4d0be69e9df51297e05c39abec4fdd	Unassigned	1.0
7dd61afeda86c87ca59d70e24f81ae97	Unassigned	1.0
7f0100cc0a74482d93b0c1ed66b4fb53	Unassigned	1.0
80185a8506385a69de3ace522735e563	Unassigned	1.0
814466e128e7890df9e985779abffae3	Unassigned	1.0
8266d9a3207df01657dcc7c4386408e5	Unassigned	1.0
84b1e3e19238594859b8bdb408b8020c	Unassigned	1.0
84d5b4ce5dac1b07d5672be9882577f7	Unassigned	1.0
84de8cd8811524d3807763f3d4f81861	Unassigned	1.0
84fd7d9b09a20383d762480e9514c7d7	Unassigned	1.0
85159269cbfcdbf6f21815de4e584aab	Unassigned	1.0
86cacd8a55a5a7613681e61415203e07	Unassigned	1.0
8820d42732c53d2b595eff3c7e523be2	Unassigned	1.0
89802242a00bdd2278b28c2acbda39ac	Unassigned	1.0
8ac77091e9e9e898db202290d9f581bb	Unassigned	1.0
8b2e333511c90eee2db1d67d5c767744	Unassigned	1.0
8b4912af8d55d676d0de06d4308cc768	Unassigned	1.0
8bac3d3d2afd145b9f7f3a42879c2f8c	Unassigned	1.0
8c2afff63f2cf2646304f31a65a3d84e	Unassigned	1.0
8d0806253cc5b51dde2cb00ee0c1fe18	Unassigned	1.0
8da805a7fb6aa6cae5103951bf3b1b33	Unassigned	1.0
8f0b2e5d625f0b64b2ac45cc3f5270ae	Unassigned	1.0
91587a286c845c522b56e0ac426838da	Unassigned	1.0
91b6e1d64ee7481e5e8e25847a892b8a	Unassigned	1.0
91b8ce84d5bdbdb5af924e8d2834bfe1	Unassigned	1.0
924a494161073de99ca1cbec6622dd82	Unassigned	1.0
92d44c1f2a6cbbf2b6d8b18b1a6ea3e4	Unassigned	1.0
9301c7d61b9786ff4c664ddf3d4ee0af	Unassigned	1.0
95a600993a3af8ab7fc7223d8970ebc7	Unassigned	1.0
95a73ec457c95696c7a9a6575cb5e4b1	Unassigned	1.0
96016637e0b25f74ebf809be83d4d92b	Unassigned	1.0
97126947f9a2d2f5fccf3c18e7ff8ee9	Unassigned	1.0
9799c19d96c0f62c5cfafd9a49c0b52a	Unassigned	1.0
984a932a58a8a74c695e5b2a1b734cb9	Unassigned	1.0
992e73ad1c5777b004c32e51d64712a2	Unassigned	1.0
99c1895b92201465f719c55ace4ec8a7	Unassigned	1.0
9ce9d0a3d993cf5b4326c96de1c840ea	Unassigned	1.0
9dd1d1f9f1898a3f63e7c6bac3aaad33	Unassigned	1.0
9ea5a2bb4ad0efdfa4e301c0d71b17a0	Unassigned	1.0
9f0a43957ec076646c645a8e3bb8d9b6	Unassigned	1.0
9f20640870d496243d8ae2364cf31524	Unassigned	1.0
9f8caa1622e4d29855e089bb1c44f973	Unassigned	1.0
AARG01000010	k__Bacteria; p__Fusobacteria; c__Fusobacteriia; o__Fusobacteriales; f__Fusobacteriaceae; g__Fusobacterium; s__Fusobacterium_nucleatum	0.9
AAXA02000007	k__Bacteria; p__Firmicutes; c__Clostridia; o__Clostridiales; f__Lachnospiraceae; g__Dorea; s__Dorea_formicigenerans	1.0
AAXA02000014	k__Bacteria; p__Firmicutes; c__Clostridia; o__Clostridiales; f__Lachnospiraceae; g__Dorea; s__Dorea_formicigenerans	1.0
AB006127	k__Bacteria; p__Firmicutes; c__Bacilli; o__Lactobacillales; f__Streptococcaceae; g__Streptococcus; s__Streptococcus_pneumoniae	0.7
AB009941	k__Bacteria; p__Firmicutes; c__Bacilli; o__Bacillales; f__Staphylococcaceae; g__Staphylococcus	1.0
AB020729	k__Bacteria; p__Firmicutes; c__Clostridia; o__Clostridiales; f__Lachnospiraceae; g__Lachnoclostridium; s__Clostridium_scindens	1.0
AB022027	k__Bacteria; p__Firmicutes; c__Bacilli; o__Lactobacillales; f__Carnobacteriaceae; g__Granulicatella	0.7
AB023838	k__Bacteria; p__Firmicutes; c__Bacilli; o__Lactobacillales; f__Leuconostocaceae; g__Weissella; s__Weissella_paramesenteroides	0.8333333333333334
AB037874	k__Bacteria; p__Firmicutes; c__Clostridia; o__Clostridiales; f__Family_XIII; g__Mogibacterium	1.0
AB089244	k__Bacteria; p__Proteobacteria; c__Gammaproteobacteria; o__Enterobacteriales; f__Enterobacteriaceae; g__Morganella; s__Morganella_morganii	0.7
AB109770	k__Bacteria; p__Firmicutes; c__Clostridia; o__Clostridiales; f__Family_XI; g__Finegoldia; s__Finegoldia_magna	1.0
AB109771	k__Bacteria; p__Firmicutes; c__Clostridia; o__Clostridiales; f__Family_XI; g__Finegoldia; s__Finegoldia_magna	0.7777777777777778
AB233029	k__Bacteria; p__Firmicutes; c__Clostridia; o__Clostridiales; f__Lachnospiraceae; g__Lachnoclostridium; s__Clostridium_glycyrrhizinilyticum	1.0
AB234868	k__Bacteria; p__Actinobacteria; c__Actinobacteria; o__Corynebacteriales; f__Corynebacteriaceae; g__Corynebacterium_1; s__Corynebacterium_coyleae	1.0
AB238928	k__Bacteria; p__Bacteroidetes; c__Bacteroidia; o__Bacteroidales; f__Porphyromonadaceae; g__Parabacteroides; s__Parabacteroides_merdae	1.0
AB242142	k__Bacteria; p__Bacteroidetes; c__Bacteroidia; o__Bacteroidales; f__Bacteroidaceae; g__Bacteroides; s__Bacteroides_dorei	1.0
AB272346	k__Bacteria; p__Proteobacteria; c__Gammaproteobacteria; o__Enterobacteriales; f__Enterobacteriaceae; g__EscherichiaShigella; s__Escherichia_coli	0.9
AB443949	k__Bacteria; p__Bacteroidetes; c__Bacteroidia; o__Bacteroidales; f__Porphyromonadaceae; g__Butyricimonas; s__Butyricimonas_virosa	1.0
AB470343	k__Bacteria; p__Bacteroidetes; c__Bacteroidia; o__Bacteroidales; f__Porphyromonadaceae; g__Parabacteroides; s__Parabacteroides_gordonii	1.0
AB490803	k__Bacteria; p__Bacteroidetes; c__Bacteroidia; o__Bacteroidales; f__Bacteroidaceae; g__Bacteroides; s__Bacteroides_oleiciplenus	0.8
AB490804	k__Bacteria; p__Bacteroidetes; c__Bacteroidia; o__Bacteroidales; f__Rikenellaceae; g__Alistipes; s__Alistipes_indistinctus	1.0
AB490809	k__Bacteria; p__Firmicutes; c__Clostridia; o__Clostridiales; f__Christensenellaceae; g__Christensenella; s__Christensenella_minuta	1.0
AB510697	k__Bacteria; p__Bacteroidetes; c__Bacteroidia; o__Bacteroidales; f__Bacteroidaceae; g__Bacteroides; s__Bacteroides_caccae	1.0
AB510704	k__Bacteria; p__Bacteroidetes; c__Bacteroidia; o__Bacteroidales; f__Bacteroidaceae; g__Bacteroides; s__Bacteroides_nordii	1.0
AB510710	k__Bacteria; p__Bacteroidetes; c__Bacteroidia; o__Bacteroidales; f__Bacteroidaceae; g__Bacteroides; s__Bacteroides_thetaiotaomicron	1.0
AB534168	k__Bacteria; p__Firmicutes; c__Clostridia; o__Clostridiales; f__Lachnospiraceae; g__Blautia; s__Blautia_hansenii	1.0
AB538433	k__Bacteria; p__Firmicutes; c__Clostridia; o__Clostridiales; f__Family_XI; g__Anaerococcus; s__Anaerococcus_hydrogenalis	0.75
AB542764	k__Bacteria; p__Bacteroidetes; c__Bacteroidia; o__Bacteroidales; f__Bacteroidaceae; g__Bacteroides; s__Bacteroides_fragilis	1.0
AB547640	k__Bacteria; p__Bacteroidetes; c__Bacteroidia; o__Bacteroidales; f__Bacteroidaceae; g__Bacteroides; s__Bacteroides_faecis	0.8
AB547649	k__Bacteria; p__Bacteroidetes; c__Bacteroidia; o__Bacteroidales; f__Porphyromonadaceae; g__Odoribacter; s__Odoribacter_splanchnicus	1.0
AB547651	k__Bacteria; p__Bacteroidetes; c__Bacteroidia; o__Bacteroidales; f__Prevotellaceae; g__Paraprevotella; s__Paraprevotella_clara	1.0
AB547667	k__Bacteria; p__Bacteroidetes; c__Bacteroidia; o__Bacteroidales; f__Porphyromonadaceae; g__Porphyromonas; s__Porphyromonas_somerae	1.0
AB547674	k__Bacteria; p__Bacteroidetes; c__Bacteroidia; o__Bacteroidales; f__Prevotellaceae; g__Prevotella; s__Prevotella_bivia	1.0
AB547676	k__Bacteria; p__Bacteroidetes; c__Bacteroidia; o__Bacteroidales; f__Prevotellaceae; g__Prevotella; s__Prevotella_buccalis	1.0
AB547677	k__Bacteria; p__Bacteroidetes; c__Bacteroidia; o__Bacteroidales; f__Prevotellaceae; g__Prevotella_6; s__Prevotella_corporis	1.0
AB554232	k__Bacteria; p__Bacteroidetes; c__Bacteroidia; o__Bacteroidales; f__Rikenellaceae; g__Alistipes; s__Alistipes_putredinis	1.0
AB558167	k__Bacteria; p__Actinobacteria; c__Coriobacteriia; o__Coriobacteriales; f__Coriobacteriaceae; g__Eggerthella; s__Eggerthella_lenta	0.8
AB595132	k__Bacteria; p__Fusobacteria; c__Fusobacteriia; o__Fusobacteriales; f__Fusobacteriaceae; g__Fusobacterium; s__Fusobacterium_varium	0.7142857142857143
AB599947	k__Bacteria; p__Bacteroidetes; c__Bacteroidia; o__Bacteroidales; f__Bacteroidaceae; g__Bacteroides; s__Bacteroides_intestinalis	1.0
AB649278	k__Bacteria; p__Firmicutes; c__Clostridia; o__Clostridiales; f__Lachnospiraceae; g__Lachnoclostridium; s__Clostridium_bolteae	0.6
AB661433	k__Bacteria; p__Firmicutes; c__Clostridia; o__Clostridiales; f__Lachnospiraceae; g__Roseburia; s__Roseburia_faecis	1.0
AB661436	k__Bacteria; p__Firmicutes; c__Clostridia; o__Clostridiales; f__Lachnospiraceae; g__Roseburia; s__Roseburia_inulinivorans	1.0
AB691576	k__Bacteria; p__Firmicutes; c__Clostridia; o__Clostridiales; f__Lachnospiraceae; g__Blautia; s__Blautia_luti	1.0
AB693938	k__Bacteria; p__Actinobacteria; c__Coriobacteriia; o__Coriobacteriales; f__Coriobacteriaceae; g__Adlercreutzia; s__Adlercreutzia_equolifaciens	0.7142857142857143
AB698910	k__Bacteria; p__Firmicutes; c__Clostridia; o__Clostridiales; f__Lachnospiraceae; g__Fusicatenibacter; s__Fusicatenibacter_saccharivorans	1.0
AB698912	k__Bacteria; p__Firmicutes; c__Clostridia; o__Clostridiales; f__Lachnospiraceae; g__Fusicatenibacter; s__Fusicatenibacter_saccharivorans	1.0
AB739700	k__Bacteria; p__Actinobacteria; c__Coriobacteriia; o__Coriobacteriales; f__Coriobacteriaceae; g__Olsenella; s__Olsenella_profusa	0.5555555555555556
AB775575	k__Bacteria; p__Firmicutes; c__Bacilli; o__Bacillales; f__Family_XI; g__Gemella; s__Gemella_sanguinis	1.0
AB818947	k__Bacteria; p__Firmicutes; c__Clostridia; o__Clostridiales; f__Lachnospiraceae; g__Lachnoclostridium; s__Clostridium_oroticum	1.0
AB910737	k__Bacteria; p__Firmicutes; c__Clostridia; o__Clostridiales; f__Lachnospiraceae; g__Lachnoclostridium; s__Clostridium_hylemonae	1.0
AB916502	k__Bacteria; p__Bacteroidetes; c__Bacteroidia; o__Bacteroidales; f__Porphyromonadaceae; g__Butyricimonas; s__Butyricimonas_paravirosa	1.0
ABDX01000067	k__Bacteria; p__Firmicutes; c__Clostridia; o__Clostridiales; f__Clostridiaceae_1; g__Clostridium_sensu_stricto_1; s__Clostridium_perfringens	1.0
ABIK02000013	k__Bacteria; p__Firmicutes; c__Erysipelotrichia; o__Erysipelotrichales; f__Erysipelotrichaceae; g__Erysipelatoclostridium; s__Clostridium_spiroforme	1.0
ACCF01000268	k__Bacteria; p__Firmicutes; c__Erysipelotrichia; o__Erysipelotrichales; f__Erysipelotrichaceae; g__Holdemania; s__Holdemania_filiformis	1.0
ACCJ01000522	k__Bacteria; p__Firmicutes; c__Clostridia; o__Clostridiales; f__Lachnospiraceae; g__Lachnoclostridium; s__Clostridium_asparagiforme	1.0
ACEP01000116	k__Bacteria; p__Firmicutes; c__Clostridia; o__Clostridiales; f__Lachnospiraceae; g__Eubacterium_hallii_group; s__Eubacterium_hallii	1.0
ACLP01000023	k__Bacteria; p__Firmicutes; c__Bacilli; o__Bacillales; f__Staphylococcaceae; g__Staphylococcus; s__Staphylococcus_hominis	1.0
ACWG01000065	k__Bacteria; p__Bacteroidetes; c__Bacteroidia; o__Bacteroidales; f__Bacteroidaceae; g__Bacteroides; s__Bacteroides_eggerthii	1.0
ADLJ01000059	k__Bacteria; p__Firmicutes; c__Clostridia; o__Clostridiales; f__Lachnospiraceae; g__Lachnoclostridium; s__Clostridium_citroniae	1.0
AEPE02000003	k__Bacteria; p__Bacteroidetes; c__Bacteroidia; o__Bacteroidales; f__Prevotellaceae; g__Prevotella; s__Prevotella_oralis	1.0
AF028352	k__Bacteria; p__Firmicutes	1.0
AF192154	k__Bacteria; p__Proteobacteria; c__Deltaproteobacteria; o__Desulfovibrionales; f__Desulfovibrionaceae; g__Desulfovibrio; s__Desulfovibrio_desulfuricans	0.6666666666666666
AF292372	k__Bacteria; p__Actinobacteria; c__Coriobacteriia; o__Coriobacteriales; f__Coriobacteriaceae; g__Atopobium; s__Atopobium_parvulum	1.0
AF537605	k__Bacteria; p__Actinobacteria; c__Actinobacteria; o__Corynebacteriales; f__Corynebacteriaceae; g__Corynebacterium_1; s__Corynebacterium_sundsvallense	1.0
AF537607	k__Bacteria; p__Actinobacteria; c__Actinobacteria; o__Corynebacteriales; f__Corynebacteriaceae; g__Corynebacterium_1; s__Corynebacterium_thomssenii	1.0
AF542227	k__Bacteria; p__Firmicutes; c__Clostridia; o__Clostridiales; f__Family_XI; g__Finegoldia; s__Finegoldia_magna	0.7777777777777778
AF542231	k__Bacteria; p__Firmicutes; c__Clostridia; o__Clostridiales; f__Family_XI; g__Parvimonas; s__Parvimonas_micra	1.0
AF542233	k__Bacteria; p__Firmicutes; c__Clostridia; o__Clostridiales; f__Family_XI; g__Anaerococcus; s__Anaerococcus_lactolyticus	1.0
AFCB01000311	k__Bacteria; p__Firmicutes; c__Bacilli; o__Lactobacillales; f__Streptococcaceae; g__Streptococcus	1.0
AGXG01000059	k__Bacteria; p__Bacteroidetes; c__Bacteroidia; o__Bacteroidales; f__Bacteroidaceae; g__Bacteroides; s__Bacteroides_cellulosilyticus	0.8
AGXT01000001	k__Bacteria; p__Bacteroidetes; c__Bacteroidia; o__Bacteroidales; f__Bacteroidaceae; g__Bacteroides; s__Bacteroides_ovatus	1.0
AGXU01000010	k__Bacteria; p__Bacteroidetes; c__Bacteroidia; o__Bacteroidales; f__Bacteroidaceae; g__Bacteroides; s__Bacteroides_ovatus	1.0
AGZO01000011	k__Bacteria; p__Bacteroidetes; c__Bacteroidia; o__Bacteroidales; f__Porphyromonadaceae; g__Parabacteroides; s__Parabacteroides_goldsteinii	1.0
AJ011522	k__Bacteria; p__Firmicutes; c__Clostridia; o__Clostridiales; f__Lachnospiraceae; g__Roseburia; s__Eubacterium_ramulus	1.0
AJ132842	k__Bacteria; p__Firmicutes; c__Clostridia; o__Clostridiales; f__Lachnospiraceae; g__Dorea; s__Dorea_longicatena	1.0
AJ234040	k__Bacteria; p__Actinobacteria; c__Actinobacteria; o__Actinomycetales; f__Actinomycetaceae; g__Actinomyces; s__Actinomyces_odontolyticus	0.9
AJ270474	k__Bacteria; p__Firmicutes; c__Clostridia; o__Clostridiales; f__Lachnospiraceae; g__Roseburia; s__Roseburia_inulinivorans	1.0
AJ270482	k__Bacteria; p__Firmicutes; c__Clostridia; o__Clostridiales; f__Lachnospiraceae; g__Roseburia; s__Roseburia_hominis	1.0
AJ413954	k__Bacteria; p__Firmicutes; c__Clostridia; o__Clostridiales; f__Ruminococcaceae; g__Faecalibacterium; s__Faecalibacterium_prausnitzii	1.0
AJ438042	k__Bacteria; p__Actinobacteria; c__Actinobacteria; o__Corynebacteriales; f__Corynebacteriaceae; g__Corynebacterium_1; s__Corynebacterium_tuberculostearicum	0.625
AJ439348	k__Bacteria; p__Actinobacteria; c__Actinobacteria; o__Corynebacteriales; f__Corynebacteriaceae; g__Corynebacterium_1	1.0
AJ510251	k__Bacteria; p__Actinobacteria; c__Actinobacteria; o__Actinomycetales; f__Actinomycetaceae; g__Varibaculum	1.0
AJ576075	k__Bacteria; p__Actinobacteria; c__Actinobacteria; o__Actinomycetales; f__Actinomycetaceae; g__Mobiluncus; s__Mobiluncus_curtisii	1.0
AJ582080	k__Bacteria; p__Firmicutes; c__Clostridia; o__Clostridiales; f__Lachnospiraceae; g__Lachnoclostridium; s__Clostridium_bolteae	0.6
AJ583243	k__Bacteria; p__Bacteroidetes; c__Bacteroidia; o__Bacteroidales; f__Bacteroidaceae; g__Bacteroides; s__Bacteroides_cellulosilyticus	1.0
AJ867043	k__Bacteria; p__Bacteroidetes; c__Bacteroidia; o__Bacteroidales; f__Bacteroidaceae; g__Bacteroides; s__Bacteroides_vulgatus	1.0
AJ867050	k__Bacteria; p__Bacteroidetes; c__Bacteroidia; o__Bacteroidales; f__Bacteroidaceae; g__Bacteroides; s__Bacteroides_vulgatus	1.0
AM084228	k__Bacteria; p__Actinobacteria; c__Actinobacteria; o__Actinomycetales; f__Actinomycetaceae; g__Actinomyces; s__Actinomyces_neuii	1.0
AM084229	k__Bacteria; p__Actinobacteria; c__Actinobacteria; o__Actinomycetales; f__Actinomycetaceae; g__Actinomyces; s__Actinomyces_neuii	1.0
AM419459	k__Bacteria; p__Actinobacteria; c__Actinobacteria; o__Bifidobacteriales; f__Bifidobacteriaceae; g__Alloscardovia; s__Alloscardovia_omnicolens	0.7
AP010969	k__Bacteria; p__Firmicutes; c__Bacilli; o__Lactobacillales; f__Streptococcaceae; g__Streptococcus; s__Streptococcus_intermedius	0.6
ARKX01000002	k__Bacteria; p__Firmicutes; c__Clostridia; o__Clostridiales; f__Family_XI; g__Peptoniphilus; s__Peptoniphilus_lacrimalis	1.0
ASSQ01000021	k__Bacteria; p__Bacteroidetes; c__Bacteroidia; o__Bacteroidales; f__Porphyromonadaceae; g__Parabacteroides; s__Parabacteroides_goldsteinii	1.0
ASWJ01000007	k__Bacteria; p__Firmicutes; c__Bacilli; o__Lactobacillales; f__Enterococcaceae; g__Enterococcus; s__Enterococcus_columbae	1.0
AWSC01000005	k__Bacteria; p__Actinobacteria; c__Actinobacteria; o__Actinomycetales; f__Actinomycetaceae; g__Actinomyces; s__Actinomyces_graevenitzii	1.0
AY033434	k__Bacteria; p__Firmicutes; c__Clostridia; o__Clostridiales; f__Lachnospiraceae; g__Tyzzerella; s__Clostridium_lactatifermentans	1.0
AY044916	k__Bacteria; p__Firmicutes; c__Erysipelotrichia; o__Erysipelotrichales; f__Erysipelotrichaceae; g__Solobacterium; s__Solobacterium_moorei	1.0
AY169428	k__Bacteria; p__Firmicutes; c__Clostridia; o__Clostridiales; f__Lachnospiraceae; g__Pseudobutyrivibrio; s__Eubacterium_rectale	1.0
AY271254	k__Bacteria; p__Verrucomicrobia; c__Verrucomicrobiae; o__Verrucomicrobiales; f__Verrucomicrobiaceae; g__Akkermansia; s__Akkermansia_muciniphila	1.0
AY281078	k__Bacteria; p__Firmicutes; c__Bacilli; o__Lactobacillales; f__Streptococcaceae; g__Streptococcus	1.0
AY319392	k__Bacteria; p__Bacteroidetes; c__Bacteroidia; o__Bacteroidales; f__Bacteroidaceae; g__Bacteroides; s__Bacteroides_thetaiotaomicron	0.75
AY365452	k__Bacteria; p__Proteobacteria; c__Gammaproteobacteria; o__Pasteurellales; f__Pasteurellaceae; g__Haemophilus; s__Haemophilus_parainfluenzae	0.9
AY525790	k__Bacteria; p__Firmicutes; c__Bacilli; o__Lactobacillales; f__Streptococcaceae; g__Streptococcus	1.0
AY546096	k__Bacteria; p__Actinobacteria; c__Actinobacteria; o__Corynebacteriales; f__Corynebacteriaceae; g__Corynebacterium_1; s__Corynebacterium_aurimucosum	0.9
AY552788	k__Bacteria; p__Firmicutes; c__Clostridia; o__Clostridiales; f__Lachnospiraceae; g__Hungatella; s__Clostridium_hathewayi	1.0
AY570514	k__Bacteria; p__Bacteroidetes; c__Bacteroidia; o__Bacteroidales; f__Porphyromonadaceae; g__Porphyromonas; s__Porphyromonas_asaccharolytica	0.6
AY724678	k__Bacteria; p__Firmicutes; c__Clostridia; o__Clostridiales; f__Ruminococcaceae; g__Flavonifractor; s__Flavonifractor_plautii	1.0
AY764158	k__Bacteria; p__Bacteroidetes; c__Bacteroidia; o__Bacteroidales; f__Porphyromonadaceae; g__Macellibacteroides; s__Bacteroides_sp	1.0
AY850117	k__Bacteria; p__Firmicutes; c__Negativicutes; o__Selenomonadales; f__Veillonellaceae; g__Dialister; s__Dialister_micraerophilus	1.0
AY850119	k__Bacteria; p__Firmicutes; c__Negativicutes; o__Selenomonadales; f__Veillonellaceae; g__Dialister; s__Dialister_propionicifaciens	1.0
AY968205	k__Bacteria; p__Bacteroidetes; c__Bacteroidia; o__Bacteroidales; f__Porphyromonadaceae; g__Porphyromonas; s__Porphyromonas_somerae	1.0
AY974072	k__Bacteria; p__Bacteroidetes; c__Bacteroidia; o__Bacteroidales; f__Rikenellaceae; g__Alistipes	1.0
AZJE01000037	k__Bacteria; p__Firmicutes; c__Clostridia; o__Clostridiales; f__Lachnospiraceae; g__Lachnoclostridium; s__Ruminococcus_lactaris	1.0
AZJF01000006	k__Bacteria; p__Firmicutes; c__Clostridia; o__Clostridiales; f__Lachnospiraceae; g__Lachnoclostridium; s__Ruminococcus_gnavus	1.0
AZJF01000008	k__Bacteria; p__Firmicutes; c__Clostridia; o__Clostridiales; f__Lachnospiraceae; g__Lachnoclostridium; s__Ruminococcus_gnavus	1.0
BAEW01000035	k__Bacteria; p__Firmicutes; c__Clostridia; o__Clostridiales; f__Family_XI; g__Peptoniphilus; s__Peptoniphilus_rhinitidis	1.0
BAME01000208	k__Bacteria; p__Bacteroidetes; c__Bacteroidia; o__Bacteroidales; f__Porphyromonadaceae; g__Porphyromonas; s__Porphyromonas_bennonis	1.0
CAEN01000062	k__Bacteria; p__Firmicutes; c__Erysipelotrichia; o__Erysipelotrichales; f__Erysipelotrichaceae; g__Dielma; s__Dielma_fastidiosa	1.0
CAHB01000032	k__Bacteria; p__Firmicutes; c__Clostridia; o__Clostridiales; f__Family_XI; g__Peptoniphilus; s__Peptoniphilus_obesi	1.0
CBXK010003053	k__Bacteria	1.0
CDRG01001675	k__Bacteria; p__Bacteroidetes; c__Bacteroidia; o__Bacteroidales; f__Porphyromonadaceae; g__Parabacteroides; s__Parabacteroides_distasonis	1.0
CP001104	k__Bacteria; p__Firmicutes; c__Clostridia; o__Clostridiales; f__Lachnospiraceae; g__Eubacterium; s__Eubacterium_eligens	1.0
CP003058	k__Bacteria; p__Firmicutes; c__Negativicutes; o__Selenomonadales; f__Acidaminococcaceae; g__Acidaminococcus; s__Acidaminococcus_intestini	1.0
CP003274	k__Bacteria; p__Bacteroidetes; c__Bacteroidia; o__Bacteroidales; f__Rikenellaceae; g__Alistipes; s__Alistipes_finegoldii	1.0
CQ889266	k__Bacteria; p__Firmicutes; c__Clostridia; o__Clostridiales; f__Lachnospiraceae	1.0
CU463952	k__Bacteria; p__Synergistetes; c__Synergistia; o__Synergistales; f__Synergistaceae; g__Cloacibacillus; s__Cloacibacillus_evryensis	1.0
DI141025	k__Bacteria; p__Firmicutes; c__Bacilli; o__Lactobacillales; f__Streptococcaceae; g__Lactococcus; s__Lactococcus_lactis	1.0
DQ100449	k__Bacteria; p__Firmicutes; c__Clostridia; o__Clostridiales; f__Lachnospiraceae; g__Lactonifactor; s__Lactonifactor_longoviformis	1.0
DQ174182	k__Bacteria; p__Proteobacteria; c__Epsilonproteobacteria; o__Campylobacterales; f__Campylobacteraceae; g__Campylobacter; s__Campylobacter_hominis	1.0
DQ497994	k__Bacteria; p__Firmicutes; c__Clostridia; o__Clostridiales; f__Lachnospiraceae; g__Lachnospira	1.0
DQ518919	k__Bacteria; p__Bacteroidetes; c__Bacteroidia; o__Bacteroidales; f__Prevotellaceae; g__Prevotella; s__Prevotella_timonensis	1.0
DQ789120	k__Bacteria; p__Actinobacteria; c__Coriobacteriia; o__Coriobacteriales; f__Coriobacteriaceae; g__Enterorhabdus; s__Enterorhabdus_caecimuris	1.0
DQ911241	k__Bacteria; p__Firmicutes; c__Clostridia; o__Clostridiales; f__Family_XI; g__Peptoniphilus; s__Peptoniphilus_gorbachii	1.0
DQ911243	k__Bacteria; p__Firmicutes; c__Clostridia; o__Clostridiales; f__Family_XI; g__Anaerococcus; s__Anaerococcus_murdochii	1.0
DQ986463	k__Bacteria; p__Firmicutes; c__Clostridia; o__Clostridiales; f__Family_XI; g__Peptoniphilus	1.0
EF025909	k__Bacteria; p__Firmicutes; c__Clostridia; o__Clostridiales; f__Lachnospiraceae; g__Lachnoclostridium; s__Clostridium_symbiosum	1.0
EF031542	k__Bacteria; p__Firmicutes; c__Clostridia; o__Clostridiales; f__Lachnospiraceae; g__Coprococcus_3; s__Coprococcus_comes	1.0
EF036467	k__Bacteria; p__Firmicutes; c__Clostridia; o__Clostridiales; f__Lachnospiraceae; g__Blautia; s__Blautia_wexlerae	1.0
EF101967	k__Bacteria; p__Proteobacteria; c__Gammaproteobacteria; o__Xanthomonadales; f__Xanthomonadaceae; g__Xanthomonas; s__Xanthomonas_axonopodis	1.0
EF436500	k__Bacteria; p__Synergistetes; c__Synergistia; o__Synergistales; f__Synergistaceae; g__Jonquetella; s__Jonquetella_anthropi	1.0
EF519868	k__Bacteria; p__Firmicutes; c__Bacilli; o__Lactobacillales; f__Lactobacillaceae; g__Lactobacillus; s__Lactobacillus_salivarius	0.9
EF558366	k__Bacteria; p__Actinobacteria; c__Actinobacteria; o__Propionibacteriales; f__Propionibacteriaceae; g__Tessaracoccus; s__Brooklawnia_massiliensis	1.0
EF564278	k__Bacteria; p__Firmicutes; c__Clostridia; o__Clostridiales; f__Lachnospiraceae; g__Lachnoclostridium; s__Clostridium_lavalense	1.0
EU136679	k__Bacteria; p__Bacteroidetes; c__Bacteroidia; o__Bacteroidales; f__Bacteroidaceae; g__Bacteroides; s__Bacteroides_thetaiotaomicron	0.6666666666666666
EU156761	k__Bacteria; p__Firmicutes; c__Bacilli; o__Lactobacillales; f__Streptococcaceae; g__Streptococcus	1.0
EU156766	k__Bacteria; p__Firmicutes; c__Bacilli; o__Lactobacillales; f__Streptococcaceae; g__Streptococcus; s__Streptococcus_mutans	1.0
EU309492	k__Bacteria; p__Synergistetes; c__Synergistia; o__Synergistales; f__Synergistaceae; g__Pyramidobacter; s__Pyramidobacter_piscolens	1.0
EU379296	k__Bacteria; p__Firmicutes; c__Bacilli; o__Bacillales; f__Staphylococcaceae; g__Staphylococcus	1.0
EU414673	k__Bacteria; p__Bacteroidetes; c__Bacteroidia; o__Bacteroidales; f__Porphyromonadaceae; g__Porphyromonas; s__Porphyromonas_bennonis	1.0
EU483153	k__Bacteria; p__Firmicutes; c__Clostridia; o__Clostridiales; f__Family_XI; g__Murdochiella; s__Murdochiella_asaccharolytica	1.0
EU483154	k__Bacteria; p__Firmicutes; c__Clostridia; o__Clostridiales; f__Family_XI; g__Ezakiella; s__Sporobacterium_sp	1.0
EU526291	k__Bacteria; p__Firmicutes; c__Clostridia; o__Clostridiales; f__Family_XI; g__Peptoniphilus; s__Peptoniphilus_koenoeneniae	1.0
FJ185225	k__Bacteria; p__Actinobacteria; c__Actinobacteria; o__Corynebacteriales; f__Corynebacteriaceae; g__Corynebacterium; s__Corynebacterium_pyruviciproducens	1.0
FJ200390	k__Bacteria; p__Actinobacteria; c__Actinobacteria; o__Corynebacteriales; f__Corynebacteriaceae; g__Corynebacterium_1; s__Corynebacterium_simulans	1.0
FJ263375	k__Bacteria; p__Actinobacteria; c__Actinobacteria; o__Micrococcales; f__Dermabacteraceae; g__Dermabacter	1.0
FJ611794	k__Bacteria; p__Firmicutes; c__Clostridia; o__Clostridiales; f__Lachnospiraceae; g__Lachnoclostridium	1.0
FJ711181	k__Bacteria; p__Actinobacteria; c__Actinobacteria; o__Actinomycetales; f__Actinomycetaceae; g__Actinotignum; s__Actinotignum_schaalii	1.0
FJ715928	k__Bacteria; p__Firmicutes; c__Negativicutes; o__Selenomonadales; f__Veillonellaceae; g__Negativicoccus; s__Negativicoccus_succinicivorans	1.0
FJ792537	k__Bacteria; p__Bacteroidetes; c__Bacteroidia; o__Bacteroidales; f__Porphyromonadaceae; g__Porphyromonas; s__Porphyromonas_asaccharolytica	0.6
FJ823142	k__Bacteria; p__Actinobacteria; c__Actinobacteria; o__Micrococcales; f__Micrococcaceae; g__Rothia; s__Rothia_mucilaginosa	0.75
FN178464	k__Bacteria; p__Actinobacteria; c__Coriobacteriia; o__Coriobacteriales; f__Coriobacteriaceae; g__Olsenella; s__Olsenella_uli	1.0
FN401324	k__Bacteria; p__Proteobacteria; c__Epsilonproteobacteria; o__Campylobacterales; f__Campylobacteraceae; g__Campylobacter; s__Campylobacter_ureolyticus	1.0
FN401326	k__Bacteria; p__Proteobacteria; c__Epsilonproteobacteria; o__Campylobacterales; f__Campylobacteraceae; g__Campylobacter; s__Campylobacter_ureolyticus	1.0
FP929050	k__Bacteria; p__Firmicutes; c__Clostridia; o__Clostridiales; f__Lachnospiraceae; g__Roseburia; s__Roseburia_intestinalis	1.0
FR749932	k__Bacteria; p__Firmicutes; c__Clostridia; o__Clostridiales; f__Lachnospiraceae; g__Anaerostipes; s__Anaerostipes_hadrus	0.75
FR749934	k__Bacteria; p__Firmicutes; c__Clostridia; o__Clostridiales; f__Lachnospiraceae; g__Anaerostipes; s__Anaerostipes_hadrus	1.0
FR749945	k__Bacteria; p__Firmicutes; c__Clostridia; o__Clostridiales; f__Lachnospiraceae; g__Lachnoclostridium; s__Eubacterium_contortum	1.0
FR798912	k__Bacteria; p__Firmicutes; c__Clostridia; o__Clostridiales; f__Family_XI; g__Peptoniphilus; s__Candidatus_Peptoniphilus_massiliensis	1.0
GQ241687	k__Bacteria; p__Actinobacteria; c__Actinobacteria; o__Micrococcales; f__Dermacoccaceae; g__Dermacoccus; s__Dermacoccus_nishinomiyaensis	0.6666666666666666
GQ927308	k__Bacteria; p__Firmicutes; c__Bacilli; o__Bacillales; f__Planococcaceae; g__Chryseomicrobium; s__Chryseomicrobium_imtechense	0.6666666666666666
GU561308	k__Bacteria; p__Actinobacteria; c__Actinobacteria; o__Actinomycetales; f__Actinomycetaceae; g__Actinomyces; s__Actinomyces_viscosus	0.5555555555555556
GU811876	k__Bacteria; p__Firmicutes; c__Erysipelotrichia; o__Erysipelotrichales; f__Erysipelotrichaceae; g__Coprobacillus; s__Coprobacillus_cateniformis	0.8
GU938836	k__Bacteria; p__Firmicutes; c__Clostridia; o__Clostridiales; f__Family_XI; g__Peptoniphilus; s__Peptoniphilus_coxii	1.0
HE586272	k__Bacteria; p__Actinobacteria; c__Actinobacteria; o__Corynebacteriales; f__Corynebacteriaceae; g__Corynebacterium_1; s__Corynebacterium_amycolatum	1.0
HG324078	k__Bacteria; p__Fusobacteria; c__Fusobacteriia; o__Fusobacteriales; f__Fusobacteriaceae; g__Fusobacterium; s__Fusobacterium_mortiferum	1.0
HM007585	k__Bacteria; p__Bacteroidetes; c__Bacteroidia; o__Bacteroidales; f__Bacteroidaceae; g__Bacteroides; s__Bacteroides_fragilis	1.0
HM103931	k__Bacteria; p__Firmicutes; c__Bacilli; o__Bacillales; f__Family_XI; g__Gemella; s__Gemella_haemolysans	0.8
HM126553	k__Bacteria; p__Firmicutes; c__Bacilli; o__Bacillales; f__Staphylococcaceae; g__Staphylococcus; s__Staphylococcus_epidermidis	0.9
HM626178	k__Bacteria; p__Firmicutes; c__Clostridia; o__Clostridiales; f__Lachnospiraceae; g__Blautia; s__Blautia_faecis	1.0
HQ455040	k__Bacteria; p__Firmicutes; c__Clostridia; o__Clostridiales; f__Ruminococcaceae; g__Flavonifractor; s__Flavonifractor_plautii	1.0
HV323579	k__Bacteria; p__Firmicutes; c__Bacilli; o__Lactobacillales; f__Enterococcaceae; g__Enterococcus	1.0
JAGQ01000004	k__Bacteria; p__Firmicutes; c__Clostridia; o__Clostridiales; f__Lachnospiraceae; g__Lachnoclostridium; s__Ruminococcus_gnavus	1.0
JF313108	k__Bacteria; p__Firmicutes; c__Clostridia; o__Clostridiales; f__Lachnospiraceae; g__Lachnoclostridium; s__Clostridium_clostridioforme	1.0
JF313109	k__Bacteria; p__Firmicutes; c__Clostridia; o__Clostridiales; f__Lachnospiraceae; g__Lachnoclostridium; s__Clostridium_clostridioforme	1.0
JF506642	k__Bacteria; p__Proteobacteria; c__Gammaproteobacteria; o__Pasteurellales; f__Pasteurellaceae; g__Haemophilus	0.6
JF506644	k__Bacteria; p__Proteobacteria; c__Gammaproteobacteria; o__Enterobacteriales; f__Enterobacteriaceae; g__Serratia	0.6
JF803497	k__Bacteria; p__Firmicutes; c__Bacilli; o__Lactobacillales; f__Streptococcaceae; g__Streptococcus; s__Streptococcus_mitis	0.6
JF824809	k__Bacteria; p__Actinobacteria; c__Coriobacteriia; o__Coriobacteriales; f__Coriobacteriaceae; g__Senegalimassilia; s__Senegalimassilia_anaerobia	1.0
JGEI01000020	k__Bacteria; p__Bacteroidetes; c__Bacteroidia; o__Bacteroidales; f__Bacteroidaceae; g__Bacteroides; s__Bacteroides_fragilis	1.0
JILU01000043	k__Bacteria; p__Firmicutes; c__Bacilli; o__Bacillales; f__Staphylococcaceae; g__Staphylococcus; s__Staphylococcus_aureus	0.9
JN020358	k__Bacteria; p__Actinobacteria; c__Actinobacteria; o__Bifidobacteriales; f__Bifidobacteriaceae; g__Bifidobacterium; s__Bifidobacterium_longum	1.0
JN038565	k__Bacteria; p__Bacteroidetes; c__Bacteroidia; o__Bacteroidales; f__Porphyromonadaceae; g__Parabacteroides; s__Parabacteroides_distasonis	1.0
JN700236	k__Bacteria; p__Actinobacteria; c__Actinobacteria; o__Propionibacteriales; f__Propionibacteriaceae; g__Propionibacterium; s__Propionibacterium_acnes	0.9
JN787181	k__Bacteria; p__Firmicutes; c__Bacilli; o__Lactobacillales; f__Streptococcaceae; g__Streptococcus; s__Streptococcus_anginosus	1.0
JN837491	k__Bacteria; p__Firmicutes; c__Clostridia; o__Clostridiales; f__Family_XI; g__Peptoniphilus; s__Peptoniphilus_grossensis	1.0
JNHN01000179	k__Bacteria; p__Bacteroidetes; c__Bacteroidia; o__Bacteroidales; f__Bacteroidaceae; g__Bacteroides; s__Bacteroides_uniformis	1.0
JNHQ01000182	k__Bacteria; p__Bacteroidetes; c__Bacteroidia; o__Bacteroidales; f__Porphyromonadaceae; g__Parabacteroides; s__Parabacteroides_distasonis	1.0
JNHQ01000190	k__Bacteria; p__Bacteroidetes; c__Bacteroidia; o__Bacteroidales; f__Porphyromonadaceae; g__Parabacteroides; s__Parabacteroides_distasonis	1.0
JQ780830	k__Bacteria; p__Actinobacteria; c__Actinobacteria; o__Actinomycetales; f__Actinomycetaceae; g__Varibaculum; s__Varibaculum_cambriense	0.6666666666666666
JQ904752	k__Bacteria; p__Proteobacteria; c__Gammaproteobacteria; o__Enterobacteriales; f__Enterobacteriaceae; g__EscherichiaShigella; s__Escherichia_coli	0.7
JX101687	k__Bacteria; p__Firmicutes; c__Clostridia; o__Clostridiales; f__Lachnospiraceae; g__Lachnoclostridium; s__Candidatus_Dorea_massiliensis_AP6	1.0
JX104001	k__Bacteria; p__Firmicutes; c__Clostridia; o__Clostridiales; f__Family_XI; g__Finegoldia; s__Finegoldia_magna	0.7777777777777778
JX435052	k__Bacteria; p__Actinobacteria; c__Actinobacteria; o__Propionibacteriales; f__Propionibacteriaceae; g__Propionibacterium; s__Propionibacterium_avidum	0.875
JYFK01000107	k__Bacteria; p__Firmicutes; c__Clostridia; o__Clostridiales; f__Lachnospiraceae; g__Anaerostipes; s__Anaerostipes_hadrus	0.6666666666666666
KC252865	k__Bacteria; p__Bacteroidetes; c__Flavobacteriia; o__Flavobacteriales; f__Flavobacteriaceae; g__Elizabethkingia; s__Elizabethkingia_meningoseptica	0.875
KC311367	k__Bacteria; p__Firmicutes; c__Clostridia; o__Clostridiales; f__Ruminococcaceae; g__Intestinimonas; s__Intestinimonas_butyriciproducens	1.0
KF148833	k__Bacteria; p__Firmicutes; c__Bacilli; o__Lactobacillales; f__Streptococcaceae; g__Streptococcus; s__Streptococcus_salivarius	1.0
KF318815	k__Bacteria; p__Proteobacteria; c__Gammaproteobacteria; o__Pseudomonadales; f__Pseudomonadaceae; g__Pseudomonas; s__Pseudomonas_aeruginosa	1.0
KF444244	k__Bacteria; p__Fusobacteria; c__Fusobacteriia; o__Fusobacteriales; f__Fusobacteriaceae; g__Fusobacterium; s__Fusobacterium_nucleatum	1.0
KF598968	k__Bacteria; p__Proteobacteria; c__Gammaproteobacteria; o__Enterobacteriales; f__Enterobacteriaceae; g__Morganella; s__Morganella_morganii	0.7
KF600171	k__Bacteria; p__Proteobacteria; c__Gammaproteobacteria; o__Enterobacteriales; f__Enterobacteriaceae; g__Morganella; s__Morganella_morganii	0.7
KF814111	k__Bacteria; p__Firmicutes; c__Clostridia; o__Clostridiales; f__Lachnospiraceae; g__Eisenbergiella; s__Eisenbergiella_tayi	1.0
KF830695	k__Bacteria; p__Bacteroidetes; c__Bacteroidia; o__Bacteroidales; f__Bacteroidaceae; g__Bacteroides; s__Bacteroides_uniformis	1.0
KF906605	k__Bacteria; p__Actinobacteria; c__Actinobacteria; o__Propionibacteriales; f__Propionibacteriaceae; g__Propionibacterium; s__Propionibacterium_granulosum	1.0
KF913783	k__Bacteria; p__Proteobacteria; c__Gammaproteobacteria; o__Enterobacteriales; f__Enterobacteriaceae; g__Serratia	0.7
L76604	k__Bacteria; p__Firmicutes; c__Clostridia; o__Clostridiales; f__Lachnospiraceae; g__Lachnoclostridium; s__Ruminococcus_torques	1.0
LN558625	k__Bacteria; p__Proteobacteria; c__Gammaproteobacteria; o__Enterobacteriales; f__Enterobacteriaceae; g__Proteus; s__Proteus_mirabilis	1.0
M23731	k__Bacteria; p__Firmicutes; c__Erysipelotrichia; o__Erysipelotrichales; f__Erysipelotrichaceae; g__Erysipelatoclostridium; s__Erysipelatoclostridium_ramosum	0.7142857142857143
U82813	k__Bacteria; p__Proteobacteria; c__Deltaproteobacteria; o__Desulfovibrionales; f__Desulfovibrionaceae; g__Bilophila; s__Bilophila_wadsworthia	1.0
X55797	k__Bacteria; p__Firmicutes; c__Clostridia; o__Clostridiales; f__Peptococcaceae; g__Peptococcus; s__Peptococcus_niger	1.0
X72865	k__Bacteria; p__Firmicutes; c__Negativicutes; o__Selenomonadales; f__Acidaminococcaceae; g__Phascolarctobacterium; s__Phascolarctobacterium_faecium	1.0
X77844	k__Bacteria; p__Firmicutes; c__Clostridia; o__Clostridiales; f__Clostridiaceae_1; g__Clostridium_sensu_stricto_1; s__Clostridium_celatum	1.0
X78719	k__Bacteria; p__Actinobacteria; c__Actinobacteria; o__Actinomycetales; f__Actinomycetaceae; g__Actinomyces; s__Actinomyces_radingae	1.0
X82062	k__Bacteria; p__Actinobacteria; c__Actinobacteria; o__Corynebacteriales; f__Corynebacteriaceae; g__Corynebacterium_1; s__Corynebacterium_jeikeium	1.0
X82500	k__Bacteria; p__Firmicutes; c__Negativicutes; o__Selenomonadales; f__Veillonellaceae; g__Dialister; s__Dialister_pneumosintes	1.0
X84247	k__Bacteria; p__Actinobacteria; c__Actinobacteria; o__Corynebacteriales; f__Corynebacteriaceae; g__Corynebacterium_1; s__Corynebacterium_tuberculostearicum	0.6
X95624	k__Bacteria; p__Firmicutes; c__Clostridia; o__Clostridiales; f__Lachnospiraceae; g__Blautia; s__Blautia_hydrogenotrophica	1.0
Y07841	k__Bacteria; p__Firmicutes; c__Clostridia; o__Clostridiales; f__Family_XI; g__Anaerococcus; s__Anaerococcus_octavius	1.0
Y08828	k__Bacteria; p__Actinobacteria; c__Actinobacteria; o__Actinomycetales; f__Actinomycetaceae; g__Actinomyces; s__Actinomyces_europaeus	1.0
Y10772	k__Bacteria; p__Firmicutes; c__Bacilli; o__Lactobacillales; f__Aerococcaceae; g__Facklamia; s__Facklamia_hominis	1.0
Y13105	k__Bacteria; p__Bacteroidetes; c__Bacteroidia; o__Bacteroidales; f__Prevotellaceae; g__Prevotella; s__Prevotella_pallens	1.0
Y18186	k__Bacteria; p__Firmicutes; c__Clostridia; o__Clostridiales; f__Lachnospiraceae; g__Lachnoclostridium; s__Clostridium_scindens	1.0
a0830e22862fddbba89c96b7c71c73ca	Unassigned	1.0
a0fb8138a8ed436d456c20240feee92d	Unassigned	1.0
a65ea7fcb255faffa2b91d3f27adeabe	Unassigned	1.0
ac24c165f83bcefb0bec9d3c4c145f99	Unassigned	1.0
ac6de7cc39bc6cdb4a6b7365810318b8	Unassigned	1.0
ac83864d0357cf623cc8571b0db0fc77	Unassigned	1.0
aca7195ca770868f87866985c9e9e641	Unassigned	1.0
ae92590ee184d75fcf324836126ed2b1	Unassigned	1.0
b0622ae30c09084369d3adc2f36f976a	Unassigned	1.0
b0fc1bdbfe3579dc1137b043c41766cd	Unassigned	1.0
b11b44cd966f1924c4e11d54069a59f2	Unassigned	1.0
b1432dbc12e5dc3dfc2c5ea63da65fe8	Unassigned	1.0
b212b557ee58c15e03268b3ab9b11f2d	Unassigned	1.0
b3a04abedabcc88c5fd6d9cd4997a478	Unassigned	1.0
b414eed16aa3e03667476f00e9c925db	Unassigned	1.0
b480de2e8bfc64cb46f33c8298dbd669	Unassigned	1.0
b4be07b52ee019b369f026851a200acd	Unassigned	1.0
b4cd61a6d42c71344fa1f0143c8730f0	Unassigned	1.0
b4f12f57eda784968c65ff8bb30b6802	Unassigned	1.0
b6a4b594e5844023fc79590ebd0c7101	Unassigned	1.0
b72537cdc86609c9bd96076ea1b720c9	Unassigned	1.0
b72b6ac4be5aba1df60ef7f8d344741a	Unassigned	1.0
b798004324e9074738617c03165604b1	Unassigned	1.0
ba1bb69561fa928a0393715fdb2c095e	Unassigned	1.0
ba965254e1c0958ac547cbbc8b78cfd3	Unassigned	1.0
bab27b978b0c0e961049b9e2ec589d92	Unassigned	1.0
bb32f164290d9260912b0e3e33a538e5	Unassigned	1.0
bb46f1d77923f9f2adf04ad06ad711c2	Unassigned	1.0
bbc644047b1466fd7a8dbad0678525a3	Unassigned	1.0
bc5d2cdc16ecedd36c663547854e4c45	Unassigned	1.0
bd27dbc1b80fa5525c593714c0de0e46	Unassigned	1.0
bef199d9cf64923ef93891079a164d6e	Unassigned	1.0
bf0dcba0a9107e13f2ea8f965ab8f2d7	Unassigned	1.0
bfb8ceaf632816a4e6dc3a2728ad07cc	Unassigned	1.0
c01d80ebe2a74404244cef83d18d7c7e	Unassigned	1.0
c060f90dcb0e8bff750cd0bf112f1a4b	Unassigned	1.0
c179878fc44e77ba3d4892177b18bc47	Unassigned	1.0
c1a0fa7de5741f8312af937e881c0fb2	Unassigned	1.0
c1dfcb4432fe4718f5b1eb4a88e3d799	Unassigned	1.0
c2167b9d3993557b3111f39040b4ede6	Unassigned	1.0
c2dbf87788d7661524e0fcfa4fbd30ff	Unassigned	1.0
c2f63b68cbeb8a3d4540f48d029900cb	Unassigned	1.0
c4b14933cf9328d353cafdecbd923ccd	Unassigned	1.0
c73ab00b03a3bdc8a73175d58b32bf3d	Unassigned	1.0
c7497bc060ae00bfedd3f55bb1e3b268	Unassigned	1.0
c776879657523b3d5678e028fee6821a	Unassigned	1.0
c869ff8c36c5ce03166dd51cdb2d164a	Unassigned	1.0
c9e8a97ef50af1fc439ffc86da93a15c	Unassigned	1.0
ca478fb76e9bb6d0d3c0ede1da83bde6	Unassigned	1.0
cad75ab34b462e4e03f2536a185582f2	Unassigned	1.0
cb12cdedadcf05f2ff5fb7a21020bf50	Unassigned	1.0
cb661b6ca664dba8d54db70cd6b46a73	Unassigned	1.0
cca116f524499e0ffc13ab28bda29834	Unassigned	1.0
ccc486ab15d59bd90a846a411d499beb	Unassigned	1.0
cdc6b326ed0c85e070d7f824bb67f5f1	Unassigned	1.0
cef1c2f32993b2bc182afd3c98f034c1	Unassigned	1.0
d0633bda713632fba49f9ccaa6ac20cf	Unassigned	1.0
d14746276036fe3823f59540d7dffd6b	Unassigned	1.0
d2310fef8999b2a5267f13c366cd8ff4	Unassigned	1.0
d3646498ffb3bff6fac5eeb7094dfe45	Unassigned	1.0
d390e673bd9cdb31b4cf5e1359663b04	Unassigned	1.0
d51b4bfa1557ea1142e70d52f9b6df6e	Unassigned	1.0
d5723a5878ae237d17eea1dafa89e178	Unassigned	1.0
d6b63689867821d3a85aa897b6747b35	Unassigned	1.0
d6f98c4af928b7854e2f2fca32b3d795	Unassigned	1.0
d7b35be53ccb959483adb0d7a105de56	Unassigned	1.0
d8b5ecb9bf80dace542cb89d1ecbe884	Unassigned	1.0
d9acfe4526ff9563d42935bf1e9aed95	Unassigned	1.0
da0174f4f33db809f207980b9f47676f	Unassigned	1.0
daf214987c862f5c25d5e1d9e35b5852	Unassigned	1.0
dbc88b402da829498e098caa1513f898	Unassigned	1.0
dbe878cd359df0db8895d63cd35f016b	Unassigned	1.0
dc6250ff53903caa02c0a05ea066ef8b	Unassigned	1.0
dc8f9f1f0b427909cd9e78dc1f23a050	Unassigned	1.0
dd13cef4a8865fd6975c1e4072cf201d	Unassigned	1.0
e1aa850043161a9bc9a0581fb79fa204	Unassigned	1.0
e2ac96cb0f8dd71ef17b8cf8b4bfadcb	Unassigned	1.0
e381b642f02af653db09a6fc1f77fe03	Unassigned	1.0
e7789db87f027ba59d0bb27dad166645	Unassigned	1.0
e801c0449c427d9c225f6636f32268f9	Unassigned	1.0
e912882f299826888732862c1c7964f3	Unassigned	1.0
e91c8dbecc150d497a6ea37accf6f0bc	Unassigned	1.0
ea522d729415c4f81de530516d6fe556	Unassigned	1.0
ea7e705395ffb16973bedb903955ec78	Unassigned	1.0
eb2a96aa56b95e0d6dd02e2e2e456cd9	Unassigned	1.0
ed636cd1cdda65d3bcc4aac4799dc237	Unassigned	1.0
eddf441fec2c225aa1553848b6683983	Unassigned	1.0
ede41e3bbb2969666ee10aec3e03e548	Unassigned	1.0
eeda87fff91b08648e1b7e46d59db899	Unassigned	1.0
eefe997fd043a93b0667950f115739b0	Unassigned	1.0
f07276d598dba2ac3540914c8e167da2	Unassigned	1.0
f07d97227eaa80d595e1be6633f9b27e	Unassigned	1.0
f34132a0c3a90d937b62acf068ce811d	Unassigned	1.0
f4311dc71b404c3f2e2c978fad9189a8	Unassigned	1.0
f554d1f3ad4808ac833aa9986d539a94	Unassigned	1.0
f720292c19291ba52e0204b789159ad3	Unassigned	1.0
f76410240643795e1ed493332ca2602a	Unassigned	1.0
f8052fd6bf66eacf72d70d4e91d8d68d	Unassigned	1.0
f92e64bdcc7071c9bc1275edf093f87b	Unassigned	1.0
f9a622a2e1beaccfc7e96da5d55a45d0	Unassigned	1.0
fbcb0be5359bf5b68528fbbd7979bad1	Unassigned	1.0
fc73db5fc695aed819e52f83991cd207	Unassigned	1.0
fe97f0206c956edad425a8379e4d725f	Unassigned	1.0
fefed28057492c64214a9241b9a41ec5	Unassigned	1.0
ff2920c561ab6d777e9a4e1e027d36e1	Unassigned	1.0
ff5609932ea51771c10acb90e1a69df0	Unassigned	1.0
